<?xml version="1.0" encoding="UTF-8"?>
<!DOCTYPE mapper PUBLIC "-//mybatis.org//DTD Mapper 3.0//EN" "http://mybatis.org/dtd/mybatis-3-mapper.dtd">

<mapper namespace="org.lanjianghao.douyamall.coupon.dao.MemberPriceDao">

	<!-- 可根据自己的需求，是否要使用 -->
    <resultMap type="org.lanjianghao.douyamall.coupon.entity.MemberPriceEntity" id="memberPriceMap">
        <result property="id" column="id"/>
        <result property="skuId" column="sku_id"/>
        <result property="memberLevelId" column="member_level_id"/>
        <result property="memberLevelName" column="member_level_name"/>
        <result property="memberPrice" column="member_price"/>
        <result property="addOther" column="add_other"/>
    </resultMap>


</mapper>