<?xml version="1.0" encoding="UTF-8"?>
<!DOCTYPE mapper PUBLIC "-//mybatis.org//DTD Mapper 3.0//EN" "http://mybatis.org/dtd/mybatis-3-mapper.dtd">

<mapper namespace="org.lanjianghao.douyamall.coupon.dao.SeckillSkuRelationDao">

	<!-- 可根据自己的需求，是否要使用 -->
    <resultMap type="org.lanjianghao.douyamall.coupon.entity.SeckillSkuRelationEntity" id="seckillSkuRelationMap">
        <result property="id" column="id"/>
        <result property="promotionId" column="promotion_id"/>
        <result property="promotionSessionId" column="promotion_session_id"/>
        <result property="skuId" column="sku_id"/>
        <result property="seckillPrice" column="seckill_price"/>
        <result property="seckillCount" column="seckill_count"/>
        <result property="seckillLimit" column="seckill_limit"/>
        <result property="seckillSort" column="seckill_sort"/>
    </resultMap>


</mapper>